时间,价格(usd),成交额,市值
"2022-02-10 00:00","1.0016316686","9104882.1388959996","9678254660.4708175659",
"2022-02-09 00:00","1.0024204776","10561948.5278129056","9685876518.8709526062",
"2022-02-08 00:00","1.0042353047","12476964.0244708993","9703412265.5276985168",
"2022-02-07 00:00","1.0018958361","7691812.0882798480","9680807176.4203567505",
"2022-02-06 00:00","1.0020936880","6182356.3228915678","9682718917.6892948151",
"2022-02-05 00:00","1.0058664800","9275974.4781247322","9719173478.1135940552",
"2022-02-04 00:00","1.0017327330","8763586.2382422034","9679231194.5354919434",
"2022-02-03 00:00","1.0024549603","8865169.0788926482","9686209707.8666133881",
"2022-02-02 00:00","1.0021231710","7483730.9335662378","9683003796.9737262726",
"2022-02-01 00:00","1.0019309771","7746961.5358703760","9681146725.8748531342",
"2022-01-31 00:00","1.0017092605","7820094.3273934647","9679004391.0998363495",
"2022-01-30 00:00","1.0010355183","9105948.9387545716","9672494364.7277641296",
"2022-01-29 00:00","1.0014761861","8212147.1880947789","9676752312.4315452576",
"2022-01-28 00:00","1.0050006890","9010015.5115373880","9710807782.5851898193",
"2022-01-27 00:00","1.0028488041","10198011.1484648436","9690015218.8403911591",
"2022-01-26 00:00","1.0016544419","9806947.9465538133","9678474707.1627807617",
"2022-01-25 00:00","1.0023337007","11133177.1110107824","9685038037.7150478363",
"2022-01-24 00:00","1.0033844804","15584797.5618875418","9695191184.9244194031",
"2022-01-23 00:00","1.0008625435","15126039.2711519431","9670822998.2186031342",
"2022-01-22 00:00","1.0032128248","24344622.2066509835","9693532564.7820529938",
"2022-01-21 00:00","1.0032327851","15070640.9594633449","9693725430.3636665344",
"2022-01-20 00:00","1.0006041137","7778788.1708154744","9668325923.0610027313",
"2022-01-19 00:00","1.0002256172","7876170.3405231368","9664668704.4822864532",
"2022-01-18 00:00","1.0016509615","8747209.5754399654","9678441077.8786201477",
"2022-01-17 00:00","1.0015946985","8582189.7121326495","9496267014.1604671478",
"2022-01-16 00:00","1.0004310081","7577001.5922250822","9485233893.6786308289",
"2022-01-15 00:00","0.9997200945","8055512.3659257749","9478493617.1016483307",
"2022-01-14 00:00","1.0010444487","9986594.6162886024","9296883694.6823978424",
"2022-01-13 00:00","1.0008290106","10495769.7053761035","9294882881.2704296112",
"2022-01-12 00:00","1.0007021906","11949237.9633352123","9293705080.8298702240",
"2022-01-11 00:00","1.0017934871","14489321.5692558289","9303840152.5516719818",
"2022-01-10 00:00","1.0010271454","15888144.7849592641","9296722996.3466987610",
"2022-01-09 00:00","1.0016259720","12102080.9344569165","6367168256.6277494431",
"2022-01-08 00:00","1.0009814004","10173141.1125398055","6363070822.9887037277",
"2022-01-07 00:00","1.0009094497","16203964.6863787081","6362613444.4540376663",
"2022-01-06 00:00","1.0020546875","17794635.2765632160","6369893529.0898370743",
"2022-01-05 00:00","1.0009596046","9439244.1556606423","6362932270.2550392151",
"2022-01-04 00:00","1.0002875320","11432200.8830714785","6358660018.0835418701",
"2022-01-03 00:00","1.0018592541","8722637.6494060569","6368651191.2186679840",
"2022-01-02 00:00","1.0013489044","8580274.0697242916","6365406984.2717523575",
"2022-01-01 00:00","1.0004830526","8923540.0079842061","6359902909.6631851196",
"2021-12-31 00:00","0.9987093791","12308658.5903290827","6348627964.6957836151",
"2021-12-30 00:00","1.0034727918","10173883.7055769116","6378908179.7469520569",
"2021-12-29 00:00","1.0010618444","12121053.4313808158","6363582191.5192689896",
"2021-12-28 00:00","1.0028526717","12765890.3044197634","6374966180.4951686859",
"2021-12-27 00:00","0.9989922090","9051459.6487808619","6350425866.9355974197",
"2021-12-26 00:00","1.0012781487","5850925.9053673660","6364957202.1946964264",
"2021-12-25 00:00","1.0009165713","6806319.1995019261","6362658714.7975597382",
"2021-12-24 00:00","0.9993461693","11393456.1185976602","6352675933.2714920044",
"2021-12-23 00:00","0.9997769980","9369920.6000288669","6355414638.7249059677",
"2021-12-22 00:00","1.0002896281","10965343.5130528416","6358673342.5854539871",
"2021-12-21 00:00","1.0020917231","9970856.1898667458","6370128958.0760250092",
"2021-12-20 00:00","1.0065794067","8367210.6381466826","6398656409.4648084641",
"2021-12-19 00:00","1.0040102993","7538317.1633245433","6382325024.9604444504",
"2021-12-18 00:00","1.0031048119","9425202.6058847830","6376568993.2863616943",
"2021-12-17 00:00","1.0031504371","12165103.4092145991","6376859024.9583892822",
"2021-12-16 00:00","1.0017772358","15152518.8829567879","6368129814.6163520813",
"2021-12-15 00:00","1.0050567451","10311358.9820775464","6388977105.3444023132",
"2021-12-14 00:00","1.0024801472","19755091.3159992620","6372598104.4834938049",
"2021-12-13 00:00","1.0066151894","8969090.7922608163","6398883874.2220411301",
"2021-12-12 00:00","1.0038599860","6237833.1550580803","6381369508.7646484375",
"2021-12-11 00:00","1.0031139957","12524672.6800045297","6376627373.1315050125",
"2021-12-10 00:00","1.0043004105","16311589.7990229074","6384169212.9864740372",
"2021-12-09 00:00","1.0068144592","16086051.5344187822","6400150599.1121482849",
"2021-12-08 00:00","1.0055125583","16218327.0551034193","6391874633.0942735672",
"2021-12-07 00:00","1.0093247181","20421112.1604704037","6416107893.9239368439",
"2021-12-06 00:00","1.0059982844","17355163.4743634984","6394962312.6860408783",
"2021-12-05 00:00","1.0046313204","16820583.7195420414","6386272752.0166702271",
"2021-12-04 00:00","1.0076240508","42006878.5874242708","6405297036.6301956177",
"2021-12-03 00:00","1.0059946601","12153564.1994772609","6394939273.3847770691",
"2021-12-02 00:00","1.0020190286","15420245.1940044239","6369666850.9838647842",
"2021-12-01 00:00","1.0013712682","22596537.8297995254","6365549146.8086843491",
"2021-11-30 00:00","1.0032337086","16867236.7976167351","6377388368.3363018036",
"2021-11-29 00:00","1.0036064940","14457586.5708431397","6379758102.1361274719",
"2021-11-28 00:00","1.0037426240","12713243.4622521605","6380623457.9591217041",
"2021-11-27 00:00","1.0028628298","16388577.8128811214","6375030753.6618852615",
"2021-11-26 00:00","1.0026700914","30730716.4560055695","6373805548.0809020996",
"2021-11-25 00:00","1.0007445257","15796726.4635553341","6361565049.9286184311",
"2021-11-24 00:00","0.9990083401","19875535.2138565257","6350528409.5535602570",
"2021-11-23 00:00","1.0036140499","16300667.9555761702","6379806134.2491197586",
"2021-11-22 00:00","1.0009523886","25377220.6507607587","6362886399.5835933685",
"2021-11-21 00:00","1.0045025456","17153928.7267150469","6385454152.2602624893",
"2021-11-20 00:00","0.9982704801","16661934.3561475519","6345837957.4228010178",
"2021-11-19 00:00","1.0009791789","30156707.2915201746","6363056700.9672574997",
"2021-11-18 00:00","1.0018839186","21286483.1098680012","6368807979.5116310120",
"2021-11-17 00:00","1.0032584769","19103702.0957135856","6377545816.1371803284",
"2021-11-16 00:00","1.0024167571","27431762.1151027232","6372195144.4380550385",
"2021-11-15 00:00","0.9994690693","10373872.6872320399","6353457187.7849369049",
"2021-11-14 00:00","1.0007177443","9167105.7917509917","6361394805.3477153778",
"2021-11-13 00:00","0.9993558290","16109510.4650077038","6352737338.0016326904",
"2021-11-12 00:00","1.0043582309","17496316.1067361794","6384536767.7493782043",
"2021-11-11 00:00","1.0019335880","27055678.9065039158","6369123719.5798788071",
"2021-11-10 00:00","1.0006148718","19578190.2783371061","6360740862.1298942566",
"2021-11-09 00:00","1.0024642926","20186422.4791258387","6372497319.7360553741",
"2021-11-08 00:00","1.0025823659","15036721.0732152890","6373247892.1959066391",
"2021-11-07 00:00","1.0021742196","11159722.5701982901","6370653374.4931192398",
"2021-11-06 00:00","1.0020179061","16178809.9829052612","6369659715.4169836044",
"2021-11-05 00:00","0.9994680972","24313757.2927585356","6353451008.1464834213",
"2021-11-04 00:00","1.0003222410","24876118.9210049473","6358880657.1856517792",
"2021-11-03 00:00","1.0002918245","22965793.0229032412","6358687304.2152738571",
"2021-11-02 00:00","1.0008444284","21119394.0030517429","6362200114.6331644058",
"2021-11-01 00:00","1.0011663560","18826205.3448544331","6364246554.7263154984",
"2021-10-31 00:00","1.0007319111","38012674.5559063628","6361484861.0747814178",
"2021-10-30 00:00","1.0012397369","15274883.9356260952","6364713024.3738908768",
"2021-10-29 00:00","1.0012615613","23844151.7779176198","6364851758.6292037964",
"2021-10-28 00:00","1.0013386813","34843054.6927336976","6365341997.2486162186",
"2021-10-27 00:00","1.0014518149","28869861.5769433789","6366061168.7836284637",
"2021-10-26 00:00","1.0027781633","14286113.7381168250","6374492542.9982786179",
"2021-10-25 00:00","1.0021039363","15688989.1315884199","6370206595.1495637894",
"2021-10-24 00:00","1.0014111181","12059747.5204597432","6365802465.9975547791",
"2021-10-23 00:00","1.0018817690","9056043.7550441995","6368794314.8282356262",
"2021-10-22 00:00","1.0013409033","14344480.9618017133","6365356122.4499835968",
"2021-10-21 00:00","1.0015577935","23226372.2973078489","6366734857.3254337311",
"2021-10-20 00:00","1.0011819488","12233834.3191937413","6364345675.6246080399",
"2021-10-19 00:00","1.0009794864","9356371.1086183470","6363058655.9835510254",
"2021-10-18 00:00","1.0022224067","13025711.3694086242","6370959691.5672245026",
"2021-10-17 00:00","1.0010145329","7758058.9050882822","6363281440.7785539627",
"2021-10-16 00:00","1.0022696764","17072490.5766624138","6371260177.0989007950",
"2021-10-15 00:00","1.0018533865","28871774.6585297324","6368613892.1835832596",
"2021-10-14 00:00","1.0020461163","12881658.9635366201","6369839043.1078367233",
"2021-10-13 00:00","1.0011132652","15705713.8833326027","6363909065.3467016220",
"2021-10-12 00:00","1.0018939690","16947161.6143059433","6368871868.5562229156",
"2021-10-11 00:00","1.0021566685","18495136.3629251793","6370541805.1956501007",
"2021-10-10 00:00","1.0026250116","7572024.9285545759","6373518983.3314914703",
"2021-10-09 00:00","1.0027195658","12839767.3223623075","6374120048.8612022400",
"2021-10-08 00:00","1.0008468307","19687347.5136261247","6362215385.9410867691",
"2021-10-07 00:00","1.0014151242","21068783.5477303006","6365827932.4382266998",
"2021-10-06 00:00","1.0019361245","18689081.0799006410","6369139843.8538999557",
"2021-10-05 00:00","1.0013208632","17760684.0890035443","6365228730.7487440109",
"2021-10-04 00:00","1.0020034871","11716754.0348451901","6369568056.3201961517",
"2021-10-03 00:00","1.0022351108","8179030.4607371874","6371040449.4233236313",
"2021-10-02 00:00","1.0025857226","11087858.7777508870","6373269229.7351427078",
"2021-10-01 00:00","1.0015686716","19461630.7953060977","6366804007.2461996078",
"2021-09-30 00:00","1.0008736067","12480071.6185709443","6362385596.6493167877",
"2021-09-29 00:00","1.0010048534","8704715.5612738729","6363219909.5125474930",
"2021-09-28 00:00","1.0010013216","7734421.8236400560","6363197458.5851783752",
"2021-09-27 00:00","1.0026293870","7171743.7993880939","6373546797.1743373871",
"2021-09-26 00:00","1.0021740854","11237072.1133152805","6355788972.3871335983",
"2021-09-25 00:00","1.0014944392","9797163.5504395459","6308818094.2653751373",
"2021-09-24 00:00","1.0013664642","24631661.6255473867","6308011927.9089298248",
"2021-09-23 00:00","1.0014172291","18290381.9044707045","6308331716.3153543472",
"2021-09-22 00:00","1.0001776370","24791356.3722613938","6300523025.3320989609",
"2021-09-21 00:00","1.0010157169","21217596.9575713240","6585282831.9241695404",
"2021-09-20 00:00","1.0031684370","26042195.4772937223","6599444718.0076351166",
"2021-09-19 00:00","1.0010525762","8083501.5023984751","6605668501.2693939209",
"2021-09-18 00:00","1.0005355666","11711274.4349778760","6601644142.5583190918",
"2021-09-17 00:00","1.0007220023","16683779.5694887191","6583005550.5819826126",
"2021-09-16 00:00","1.0019266960","13599046.8646748308","6588583859.5564889908",
"2021-09-15 00:00","1.0004369970","11266187.9370953925","6544907443.8228950500",
"2021-09-14 00:00","1.0009179489","9909476.1795670185","6560129189.4303007126",
"2021-09-13 00:00","1.0015124429","17209975.9268519320","6572591014.1895837784",
"2021-09-12 00:00","1.0015492444","8754671.6193910614","6571710555.7088518143",
"2021-09-11 00:00","1.0003597312","14283620.4551023915","6464998166.1959123611",
"2021-09-10 00:00","1.0012040519","19057880.6927042082","6505705039.5026273727",
"2021-09-09 00:00","1.0019016655","20376837.7847696654","6516718092.3428554535",
"2021-09-08 00:00","1.0008348323","42179739.4564474821","6508735157.0838003159",
"2021-09-07 00:00","0.9995744299","36429469.0835761130","6505743399.9649200439",
"2021-09-06 00:00","1.0003918857","14804917.5601654723","6443170134.8677520752",
"2021-09-05 00:00","1.0000426739","9956652.5760615394","6425031448.6948852539",
"2021-09-04 00:00","1.0002007088","12199271.9074049089","6405405886.8149757385",
"2021-09-03 00:00","1.0002809548","14476592.3613479938","6356711015.8824758530",
"2021-09-02 00:00","1.0006144373","20073092.4609128758","6175459961.2725591660",
"2021-09-01 00:00","1.0007812734","13882059.2108894307","6149908957.1427803040",
"2021-08-31 00:00","1.0014114923","15048267.6893755738","6131808804.3836221695",
"2021-08-30 00:00","1.0010809912","12927190.5866552349","6124786899.5166120529",
"2021-08-29 00:00","1.0013212955","8342592.1798653966","6116008550.6918811798",
"2021-08-28 00:00","1.0011974485","10224594.0003834050","6109614561.7630558014",
"2021-08-27 00:00","1.0010372079","10894228.7340222765","6067255879.5431842804",
"2021-08-26 00:00","1.0008064224","12406663.1922843233","6064125631.5667295456",
"2021-08-25 00:00","1.0001815638","15413156.3365209289","6057503328.6235513687",
"2021-08-24 00:00","1.0025562871","17849842.7022837214","6084468328.8220796585",
"2021-08-23 00:00","1.0003846296","17764703.0165243074","6066292623.0279655457",
"2021-08-22 00:00","1.0007833921","9167311.1621416062","6057837748.4716348648",
"2021-08-21 00:00","1.0007219215","12444848.6459498852","6048791078.6420602798",
"2021-08-20 00:00","1.0005664218","11903583.2193024699","6033460365.4468269348",
"2021-08-19 00:00","1.0009062612","14911926.2144489139","6005286666.3386154175",
"2021-08-18 00:00","1.0006923992","18349238.4723322242","5994766717.2133073807",
"2021-08-17 00:00","1.0006008256","13598281.4395883847","5995255556.0005569458",
"2021-08-16 00:00","1.0004019858","11227256.9534998164","5989407387.5407276154",
"2021-08-15 00:00","1.0020705917","7152675.3256499236","5972890187.1132898331",
"2021-08-14 00:00","1.0014365507","14423682.7582101878","5944538520.7923259735",
"2021-08-13 00:00","1.0016453446","13769743.2089720648","5925236952.8044176102",
"2021-08-12 00:00","1.0012762708","18888481.2408386245","5874735415.1910810471",
"2021-08-11 00:00","1.0007908416","17966091.5656328313","5838191432.1939096451",
"2021-08-10 00:00","1.0011467059","15139824.2862013914","5808285239.5863609314",
"2021-08-09 00:00","1.0009191375","16154712.9244526140","5792888087.7716264725",
"2021-08-08 00:00","1.0022541505","14324487.9254500233","5766146622.7142810822",
"2021-08-07 00:00","1.0013072278","22125911.6128882207","5711683928.7774286270",
"2021-08-06 00:00","1.0011001324","17272380.0855474286","5696946348.4546794891",
"2021-08-05 00:00","1.0019804056","17907390.2375194691","5703222711.0435371399",
"2021-08-04 00:00","1.0005904333","8888225.0610947479","5685885307.1920280457",
"2021-08-03 00:00","1.0006063070","11550647.0887261443","5685057884.5438060760",
"2021-08-02 00:00","1.0012499838","11120602.5237104371","5665242047.5401401520",
"2021-08-01 00:00","1.0009157784","11581164.1972075235","5655730755.5830087662",
"2021-07-31 00:00","1.0008694555","10462611.8479217943","5624841528.3731384277",
"2021-07-30 00:00","1.0013047012","11834113.2310097925","5604241798.2207231522",
"2021-07-29 00:00","1.0015156857","6127579.8785466990","5616883283.1184892654",
"2021-07-28 00:00","1.0009268100","14844133.2612425312","5595099522.1079463959",
"2021-07-27 00:00","1.0011388599","15852791.7996714879","5566541961.1221351624",
"2021-07-26 00:00","1.0016771194","15901554.3778459914","5565449590.4686641693",
"2021-07-25 00:00","1.0015429176","7564327.0048574340","5550070290.0158948898",
"2021-07-24 00:00","1.0017762771","8656167.9416646063","5476863435.7904396057",
"2021-07-23 00:00","1.0016072682","10427080.5624081995","5485998334.2446603775",
"2021-07-22 00:00","1.0013468117","8163000.9670981290","5504417111.3058195114",
"2021-07-21 00:00","1.0009938450","9369478.1515365876","5468460372.1585950851",
"2021-07-20 00:00","1.0012390178","13492947.4117140658","5456058844.3728723526",
"2021-07-19 00:00","1.0017385812","8515259.0715503674","5485625629.3523025513",
"2021-07-18 00:00","1.0021357925","4734227.3441507453","5509947223.8459806442",
"2021-07-17 00:00","1.0013060206","5873379.3975196416","5504988797.2702722549",
"2021-07-16 00:00","1.0016994916","7100292.3993005743","5491021588.3264570236",
"2021-07-15 00:00","1.0045042119","9808760.4608567934","5506230407.8136196136",
"2021-07-14 00:00","1.0012584546","10897680.3373669051","5480777207.5205163956",
"2021-07-13 00:00","1.0012520561","10309327.9899925701","5518927323.8997726440",
"2021-07-12 00:00","1.0013643283","5648151.9952324787","5498758995.5885686874",
"2021-07-11 00:00","1.0018738266","5475519.4776416868","5499819671.0206089020",
"2021-07-10 00:00","1.0012525009","6267028.2598489886","5501390290.1757631302",
"2021-07-09 00:00","1.0016247071","7510973.8858859418","5500206201.1893939972",
"2021-07-08 00:00","1.0070996921","17174060.2340386026","5524554832.2690029144",
"2021-07-07 00:00","1.0021062138","10869566.7401164845","5492091503.7479648590",
"2021-07-06 00:00","1.0015402407","13795513.7944262214","5469851740.2368469238",
"2021-07-05 00:00","1.0031814812","11925952.3387984186","5473668261.8511276245",
"2021-07-04 00:00","1.0031496696","6607463.3948140796","5443935454.9570684433",
"2021-07-03 00:00","1.0015493703","7694920.3595523257","5419840334.0707397461",
"2021-07-02 00:00","1.0024619093","13471289.4189687930","5419141614.4556512833",
"2021-07-01 00:00","1.0018460002","15943353.2064483184","5407888003.6437377930",
"2021-06-30 00:00","1.0019985183","19548285.1593457274","5243665499.2586908340",
"2021-06-29 00:00","1.0017637258","18191001.4878608249","5211454943.9192047119",
"2021-06-28 00:00","1.0021667740","15624261.5311270189","5160597117.1233129501",
"2021-06-27 00:00","1.0129853463","18491142.8508903980","5206443783.5759935379",
"2021-06-26 00:00","1.0028242415","17635224.7235622965","5171371156.7739782333",
"2021-06-25 00:00","1.0020411937","17939487.2195167020","5202603695.3300685883",
"2021-06-24 00:00","1.0029975077","15141025.4102103524","5134516666.0812063217",
"2021-06-23 00:00","1.0024433601","28871823.1344726458","5109276571.6249132156",
"2021-06-22 00:00","1.0017698152","68231579.7854538709","5104034188.8382377625",
"2021-06-21 00:00","1.0037972213","28885638.1221100800","5235359900.9435091019",
"2021-06-20 00:00","1.0025530915","20747338.2721569426","5215352826.4161233902",
"2021-06-19 00:00","1.0015937415","21045596.8208258115","5270852667.1198081970",
"2021-06-18 00:00","1.0036863885","14923674.6582317650","5243946546.5233535767",
"2021-06-17 00:00","1.0025742999","18002900.4764510505","5302949719.6765775681",
"2021-06-16 00:00","1.0036507391","17219638.0033316314","5377780856.2079143524",
"2021-06-15 00:00","1.0017637952","19540796.8016857319","5260539047.4214439392",
"2021-06-14 00:00","1.0018862903","17409458.5585221499","5245320053.2218170166",
"2021-06-13 00:00","1.0020928923","11109860.6574935019","5226166415.9429273605",
"2021-06-12 00:00","1.0005112701","17579882.0943046659","5188808721.2765693665",
"2021-06-11 00:00","1.0017707205","16782714.1010321938","5135526091.4825649261",
"2021-06-10 00:00","1.0005445346","17820966.4907811694","5114077137.3490514755",
"2021-06-09 00:00","1.0014282816","32333554.6687387116","4911684993.3639011383",
"2021-06-08 00:00","1.0052135896","30822067.3635836877","4906651697.6501293182",
"2021-06-07 00:00","1.0041009652","13973343.8064958192","4832908730.6085872650",
"2021-06-06 00:00","1.0022921506","10113982.6353411674","4809102369.9980936050",
"2021-06-05 00:00","1.0020654674","15977624.6264858712","4798427163.0401849747",
"2021-06-04 00:00","1.0035242389","32342936.6575535461","4788107123.3541507721",
"2021-06-03 00:00","1.0015266337","21504468.2889861017","4706618307.6676244736",
"2021-06-02 00:00","0.9993809149","16281060.8774724659","4643012718.5517835617",
"2021-06-01 00:00","1.0010870046","18905400.7099215165","4656544362.2225074768",
"2021-05-31 00:00","0.9998645137","19564409.2674217969","4664665501.7187023163",
"2021-05-30 00:00","1.0011196120","31631127.3767800778","4680957336.1555805206",
"2021-05-29 00:00","1.0028965224","34765275.4023965076","4660985485.1983785629",
"2021-05-28 00:00","1.0026055674","36300055.5462280437","4640373998.2206106186",
"2021-05-27 00:00","1.0013262120","33768237.3772820458","4607050464.2971286774",
"2021-05-26 00:00","1.0013646540","47051504.6310848072","4542682660.8738002777",
"2021-05-25 00:00","1.0012377355","55298233.2057507932","4480018125.8474969864",
"2021-05-24 00:00","0.9993591788","60493110.9545483589","4328854671.1174440384",
"2021-05-23 00:00","1.0023515502","46847371.6303781271","4433210686.2196998596",
"2021-05-22 00:00","1.0009395370","72168867.7695335001","4430586391.0952682495",
"2021-05-21 00:00","1.0030671035","152055176.1712014377","4474094044.8983306885",
"2021-05-20 00:00","1.0007363343","99842764.5601094067","4399748330.8427600861",
"2021-05-19 00:00","1.0063889742","120351345.7278041691","4978405987.0473747253",
"2021-05-18 00:00","1.0010409998","59664829.2370225638","4937664881.9020423889",
"2021-05-17 00:00","1.0006052774","66109734.0581213236","4866836067.6181926727",
"2021-05-16 00:00","1.0005842171","32193254.3798479252","4807824721.2915124893",
"2021-05-15 00:00","1.0008321989","33877292.8325902596","4792520598.2743749619",
"2021-05-14 00:00","1.0009995867","45149008.7513083741","4720956305.4509410858",
"2021-05-13 00:00","0.9992855234","74871042.5735213310","4745435260.7260608673",
"2021-05-12 00:00","1.0013396650","33865563.3504089415","4823770833.4833288193",
"2021-05-11 00:00","0.9990648048","43464201.0919269696","4730254180.0908145905",
"2021-05-10 00:00","1.0013663294","34372259.4131106287","4719975383.4102849960",
"2021-05-09 00:00","1.0007852142","42188578.3906929418","4626520719.5753164291",
"2021-05-08 00:00","1.0009786535","30957863.7697205506","4544298983.2933130264",
"2021-05-07 00:00","1.0015942999","45476477.5426238105","4460884930.3479156494",
"2021-05-06 00:00","1.0014110046","35625787.3186389059","4371950015.4847040176",
"2021-05-05 00:00","1.0011939914","38229975.5263227671","4150139519.5886664391",
"2021-05-04 00:00","1.0013046405","32430880.4696615078","4085716444.8657884598",
"2021-05-03 00:00","1.0014270744","25563467.3817139007","3993774642.4518456459",
"2021-05-02 00:00","1.0012626370","17255606.5743859671","3924821403.0262904167",
"2021-05-01 00:00","1.0015443133","22458033.0723719373","3876925638.5980162621",
"2021-04-30 00:00","1.0008269488","24013145.7817113586","3830252579.4252853394",
"2021-04-29 00:00","1.0010513357","20306611.1748276688","3769472300.9557847977",
"2021-04-28 00:00","1.0009524537","29718644.4437498376","3738776622.0028100014",
"2021-04-27 00:00","1.0014642592","19502385.0042496510","3706665664.2491016388",
"2021-04-26 00:00","1.0005155072","29947124.3380593732","3639449977.7234096527",
"2021-04-25 00:00","1.0011179840","11110938.8099586591","3606961364.7240047455",
"2021-04-24 00:00","1.0010958027","27167405.9731380418","3588475938.2332124710",
"2021-04-23 00:00","1.0013382930","50368746.9027903304","3577045935.2693901062",
"2021-04-22 00:00","1.0002425374","27778784.0634688847","3604852219.2395167351",
"2021-04-21 00:00","0.9994241978","22138665.6482223682","3581498937.7177948952",
"2021-04-20 00:00","1.0003154922","33756982.6244118959","3567240096.9233741760",
"2021-04-19 00:00","0.9999603487","39898631.2017987669","3569478425.8353080750",
"2021-04-18 00:00","1.0015777407","51614658.9195740595","3542452814.6263275146",
"2021-04-17 00:00","1.0006639890","21505978.6248579174","3535703583.4466266632",
"2021-04-16 00:00","0.9999749187","26440374.0614700764","3413145188.5619430542",
"2021-04-15 00:00","1.0010879475","19786764.4816800877","3307565449.9492292404",
"2021-04-14 00:00","0.9993592725","28782092.2944462225","3233221550.4330554008",
"2021-04-13 00:00","0.9971238282","25595387.6033879183","3261135454.3546042442",
"2021-04-12 00:00","0.9997604435","14215150.1047971006","3262721939.6324877739",
"2021-04-11 00:00","1.0001088118","13160407.0571113825","3255035567.4157662392",
"2021-04-10 00:00","1.0002723446","17102170.9776679501","3182525020.0184211731",
"2021-04-09 00:00","0.9988788424","9819433.2010204699","3177969427.4340853691",
"2021-04-08 00:00","1.0004326620","14779134.0798622686","3177716878.6376900673",
"2021-04-07 00:00","1.0002251123","20167385.0489973538","3188508426.4752640724",
"2021-04-06 00:00","0.9999802878","16374030.3234373387","3166676575.3060173988",
"2021-04-05 00:00","0.9996297750","38318603.0063269958","3159311017.5102634430",
"2021-04-04 00:00","1.0009896260","15829735.4873212650","3175135719.0869688988",
"2021-04-03 00:00","1.0000568632","18162466.2371681742","3155662537.6761069298",
"2021-04-02 00:00","1.0009734498","18108708.1706503145","3081907349.0679507256",
"2021-04-01 00:00","0.9988049478","17381037.6566507928","3012031808.0896940231",
"2021-03-31 00:00","1.0005088710","12769632.3651074469","3016619200.4167556763",
"2021-03-30 00:00","1.0006753769","22337519.4281960279","2999896705.5006151199",
"2021-03-29 00:00","1.0005864398","14973060.8531207889","2993413095.4095864296",
"2021-03-28 00:00","0.9991476393","11660091.4167023674","2967628781.9282150269",
"2021-03-27 00:00","1.0013973984","12144374.9049690124","2963668002.2686858177",
"2021-03-26 00:00","1.0006512407","14483028.2308321819","2943662772.5158996582",
"2021-03-25 00:00","1.0018514179","23417788.0137474760","2942311492.7376060486",
"2021-03-24 00:00","1.0010664636","13716342.4732143264","2924877333.9694757462",
"2021-03-23 00:00","0.9996238655","18148889.3556844220","2915499837.9834117889",
"2021-03-22 00:00","1.0017814148","14374618.0009549279","2906062201.5564856529",
"2021-03-21 00:00","1.0014827319","15344119.5563758910","2874159113.5922846794",
"2021-03-20 00:00","1.0016894467","17824699.9703317806","2872997860.0224924088",
"2021-03-19 00:00","1.0013817802","16284675.5952884424","2865668143.2580184937",
"2021-03-18 00:00","1.0014663151","20231528.5616225116","2857191045.4007453918",
"2021-03-17 00:00","1.0011528035","23846142.4379767515","2820261044.6136636734",
"2021-03-16 00:00","1.0014998542","22048706.1833612546","2817179189.3230252266",
"2021-03-15 00:00","1.0018911198","28545540.8683870956","2768655561.3801741600",
"2021-03-14 00:00","1.0019023225","23776525.0716649257","2746787705.8039798737",
"2021-03-13 00:00","1.0017801004","19174586.8863855749","2710652302.7970099449",
"2021-03-12 00:00","1.0017717693","18786199.5979675278","2671120958.5510182381",
"2021-03-11 00:00","1.0028657835","19695228.7762266137","2627107328.2024316788",
"2021-03-10 00:00","1.0009136124","19394918.9547507986","2609127987.4964456558",
"2021-03-09 00:00","1.0010916453","21157381.2456879802","2597005383.1510519981",
"2021-03-08 00:00","1.0005884167","14360094.1188560147","2562395377.3222837448",
"2021-03-07 00:00","0.9998865430","14743988.8362292945","2567594415.7836465836",
"2021-03-06 00:00","0.9995680713","13280659.8211240489","2566346634.1720752716",
"2021-03-05 00:00","1.0012436297","21586438.2556835078","2530564034.2919974327",
"2021-03-04 00:00","1.0011905977","23680980.0063143298","2535386542.9230370522",
"2021-03-03 00:00","1.0005284201","23319776.4115654267","2523263831.7863111496",
"2021-03-02 00:00","1.0017600181","26790515.4632536694","2484864297.7687935829",
"2021-03-01 00:00","1.0010781994","31560928.3610518016","2413750156.3765692711",
"2021-02-28 00:00","1.0017173858","28249107.0379100256","2307011074.9649772644",
"2021-02-27 00:00","0.9992953283","19859548.9439417087","2301541007.0248746872",
"2021-02-26 00:00","1.0030856254","38736763.1067506298","2310270682.5919971466",
"2021-02-25 00:00","1.0001733081","25545786.7906528153","2074009853.0808129311",
"2021-02-24 00:00","0.9988577067","52245717.0798907503","2071281755.5136225224",
"2021-02-23 00:00","1.0002733282","96399966.7878214568","2074217259.6806306839",
"2021-02-22 00:00","1.0003381843","52166145.4846755192","2074351748.7012722492",
"2021-02-21 00:00","0.9993711251","21745905.9882557914","2072346405.9378852844",
"2021-02-20 00:00","1.0035487059","26438529.1389536373","2081009248.3656637669",
"2021-02-19 00:00","1.0005355022","21177788.4919361547","2074760917.0703940392",
"2021-02-18 00:00","1.0000607426","22450506.0718668289","2073776431.5171325207",
"2021-02-17 00:00","1.0011584004","27972734.7581054308","2076052590.1901187897",
"2021-02-16 00:00","1.0008077777","31451345.8835443445","2075325521.1717855930",
"2021-02-15 00:00","0.9997657717","46161508.0868691355","2073164764.9392614365",
"2021-02-14 00:00","1.0024386524","31370291.7412275113","2077574466.0491247177",
"2021-02-13 00:00","1.0018245457","40714997.4727235958","2044430666.0198295116",
"2021-02-12 00:00","0.9998484044","35700220.0034212023","2030495822.4284219742",
"2021-02-11 00:00","1.0015757205","30004456.9520897046","1968412305.5561232567",
"2021-02-10 00:00","0.9994056153","34269530.1149154827","1949879712.2205948830",
"2021-02-09 00:00","0.9986680873","38779047.8183740154","1898821942.9845950603",
"2021-02-08 00:00","1.0004950168","29639377.0264866054","1805540581.8817722797",
"2021-02-07 00:00","1.0024392110","25881010.8289012909","1835477879.8299536705",
"2021-02-06 00:00","1.0006074417","27532610.8310493194","1767524577.5566821098",
"2021-02-05 00:00","0.9998057953","25705055.6706598401","1766108508.0746793747",
"2021-02-04 00:00","1.0000674895","25493598.7252722159","1717253660.7623140812",
"2021-02-03 00:00","0.9987908758","16016595.8440532517","1715061539.0439612865",
"2021-02-02 00:00","0.9984818382","19369829.3563682251","1668253753.6378469467",
"2021-02-01 00:00","1.0022469816","17257502.9097732566","1658604556.6429471970",
"2021-01-31 00:00","0.9974773466","16350619.4551582690","1654333796.9721250534",
"2021-01-30 00:00","1.0003841446","19895746.8333203755","1617415509.0925664902",
"2021-01-29 00:00","0.9983229343","18900447.9062963091","1614082955.8767106533",
"2021-01-28 00:00","1.0003639365","12990448.4933776055","1606724055.5184915066",
"2021-01-27 00:00","1.0024019969","13902132.0072451234","1576205582.4036211967",
"2021-01-26 00:00","1.0003025860","13948372.1123408340","1572904408.5817046165",
"2021-01-25 00:00","1.0003354592","12477070.0612916071","1531581066.9372944832",
"2021-01-24 00:00","1.0031755199","9036531.2217433732","1484972839.2886004448",
"2021-01-23 00:00","1.0010571708","12470300.2026388664","1448332766.8338732719",
"2021-01-22 00:00","1.0000921300","31295370.7019525133","1407977717.1210715771",
"2021-01-21 00:00","1.0003700749","20359121.7868452668","1408369021.2592959404",
"2021-01-20 00:00","1.0004915676","17819392.1299138032","1404950407.6945519447",
"2021-01-19 00:00","1.0001866585","17359111.5170654655","1402380566.1308562756",
"2021-01-18 00:00","1.0018661508","13731966.2531000879","1417901698.5503985882",
"2021-01-17 00:00","1.0006156779","15615530.5331431627","1416131953.5163869858",
"2021-01-16 00:00","1.0021067611","20143032.5877913311","1418242224.9050774574",
"2021-01-15 00:00","1.0001423007","26881976.2587430626","1415462001.4007658958",
"2021-01-14 00:00","1.0021004337","33664740.2610604689","1374084801.1346287727",
"2021-01-13 00:00","1.0006224538","35273406.9487543702","1350020853.2083728313",
"2021-01-12 00:00","0.9994034314","61687763.1776137948","1357538614.6389596462",
"2021-01-11 00:00","1.0007658830","78330944.7360310107","1337084998.9401829243",
"2021-01-10 00:00","1.0005093845","28862379.2898875810","1397920426.6707270145",
"2021-01-09 00:00","1.0016741884","32358924.2127098665","1403580451.5491607189",
"2021-01-08 00:00","0.9976707860","42969832.3444869965","1359420759.3364169598",
"2021-01-07 00:00","1.0002980401","53304005.5753750056","1315401489.0457105637",
"2021-01-06 00:00","1.0006469351","42708749.8308640793","1324782043.5525455475",
"2021-01-05 00:00","1.0001545989","30686638.3755091839","1315591471.8545796871",
"2021-01-04 00:00","1.0031264184","35965883.8388306499","1235295586.8762493134",
"2021-01-03 00:00","1.0019220535","33329015.9584536105","1177525394.7136979103",
"2021-01-02 00:00","0.9994244946","23831561.6109330244","1218893042.6163516045",
"2021-01-01 00:00","1.0045749611","18473183.8720428571","1168391903.3840849400",
"2020-12-31 00:00","1.0033835754","22319727.2524659708","1155809137.4706223011",
"2020-12-30 00:00","1.0030748810","23726495.1527746618","1134731001.4851474762",
"2020-12-29 00:00","1.0043779526","25737708.2639893442","1108452000.4245057106",
"2020-12-28 00:00","1.0038750081","22664197.4370575882","1107896940.5548474789",
"2020-12-27 00:00","1.0047355633","25682079.1903828271","1121572504.9004652500",
"2020-12-26 00:00","1.0029197925","18824698.8832022734","1119545584.9475374222",
"2020-12-25 00:00","1.0031799874","20915112.7028002590","1119246094.3548724651",
"2020-12-24 00:00","1.0026342748","25554377.2347202338","1118530853.1914391518",
"2020-12-23 00:00","1.0019062593","21704505.9988371208","1120239277.4220335484",
"2020-12-22 00:00","1.0016001292","19352309.8373633660","1127801017.6039037704",
"2020-12-21 00:00","0.9989609267","23663686.9254540652","1123803431.7127838135",
"2020-12-20 00:00","1.0020830673","20832993.9891688451","1132803042.0114300251",
"2020-12-19 00:00","1.0001780408","19686078.0815218985","1124292825.2536308765",
"2020-12-18 00:00","1.0009704070","25311466.2661366016","1127179951.7921111584",
"2020-12-17 00:00","1.0018734345","26593222.8132435307","1121410171.8383338451",
"2020-12-16 00:00","1.0038336416","17840023.6654369161","1100524490.8530595303",
"2020-12-15 00:00","1.0017814042","16878573.2803405300","1095348813.9278376102",
"2020-12-14 00:00","1.0020390123","14866603.4458101355","1094676290.8923764229",
"2020-12-13 00:00","1.0022175903","12793164.5055998228","1098518924.0294873714",
"2020-12-12 00:00","1.0026468910","14850279.5615740735","1066449661.5868564844",
"2020-12-11 00:00","1.0036391863","17455896.4841250405","1083292641.6439952850",
"2020-12-10 00:00","1.0037581297","17603868.5821630508","1077140144.5898740292",
"2020-12-09 00:00","1.0041027962","41562441.3290280402","1082981743.0305480957",
"2020-12-08 00:00","1.0052877865","32227684.1215066612","1074363547.4583389759",
"2020-12-07 00:00","1.0064685446","30360668.1205872186","1081071969.0993325710",
"2020-12-06 00:00","1.0048813629","37665546.3523397297","1072095783.2350196838",
"2020-12-05 00:00","1.0028944617","40863526.8001371622","1069975982.3127851486",
"2020-12-04 00:00","1.0022251764","39779242.4177915230","1076387381.9715197086",
"2020-12-03 00:00","1.0034795592","37424100.1489639133","1075742332.8739941120",
"2020-12-02 00:00","1.0061170075","38277449.1990342587","1064258253.0630384684",
"2020-12-01 00:00","1.0012553511","43369583.2552258596","1048256860.2566740513",
"2020-11-30 00:00","1.0045745536","38430693.3465941995","1040199444.5703287125",
"2020-11-29 00:00","1.0030289315","33488132.3812295608","1020940174.5343095064",
"2020-11-28 00:00","1.0011878517","22548461.9321139157","1016801270.3399173021",
"2020-11-27 00:00","1.0029194426","33353175.6685407981","1016828028.5939482450",
"2020-11-26 00:00","1.0035516834","41931551.3380087912","1044542946.9962762594",
"2020-11-25 00:00","1.0014018123","30514674.5700360388","1042607073.5219391584",
"2020-11-24 00:00","1.0012127938","31308558.7388110608","1022859895.9733186960",
"2020-11-23 00:00","1.0008332328","25685378.8802291453","1019519388.5997446775",
"2020-11-22 00:00","1.0009385008","27581201.9313959405","1021348784.2131799459",
"2020-11-21 00:00","1.0022369690","26547366.2406180575","997015683.4665280581",
"2020-11-20 00:00","1.0030844949","24472617.1617269516","994394655.8195644617",
"2020-11-19 00:00","1.0046784386","23455497.0105912536","1002419270.7144857645",
"2020-11-18 00:00","1.0016802039","26897660.9605063722","1017369270.8086212873",
"2020-11-17 00:00","1.0011275088","7987360.3143232772","1011533441.5560034513",
"2020-11-16 00:00","0.9983815845","9922244.5899093393","1006799201.4837207794",
"2020-11-15 00:00","0.9985762059","5272708.6126794992","1010022113.1196240187",
"2020-11-14 00:00","1.0011846570","6987582.2846829165","1001970183.1673129797",
"2020-11-13 00:00","1.0045631033","8666391.1792457793","999293637.8222334385",
"2020-11-12 00:00","1.0049779043","8531330.4998258390","998382273.9480419159",
"2020-11-11 00:00","1.0062575715","6072566.8580292631","969084890.4609042406",
"2020-11-10 00:00","1.0062353302","9525643.1617664732","963819526.4951155186",
"2020-11-09 00:00","1.0065210140","10116935.8132665344","959816605.4993987083",
"2020-11-08 00:00","1.0056045852","9575874.2875456624","958208035.6334531307",
"2020-11-07 00:00","1.0106587836","8137182.9456723025","960103674.5984345675",
"2020-11-06 00:00","1.0075468025","9188677.1717552543","955713903.7673137188",
"2020-11-05 00:00","1.0056711748","9168796.2048451658","949979061.4655179977",
"2020-11-04 00:00","1.0055606872","8227819.1137495078","956297440.1503280401",
"2020-11-03 00:00","1.0095431337","7948247.6118729692","952638548.2495396137",
"2020-11-02 00:00","1.0051162252","8072019.3490964342","940646459.3053652048",
"2020-11-01 00:00","1.0018985310","6131447.5282626050","935930024.2096539736",
"2020-10-31 00:00","1.0044769869","7209282.5954989623","930960797.6462953091",
"2020-10-30 00:00","1.0029579007","8220454.3405726301","940180046.1406768560",
"2020-10-29 00:00","1.0038967504","8578731.8105249070","944152916.5713765621",
"2020-10-28 00:00","1.0055546235","11274837.4237435758","951467613.5936335325",
"2020-10-27 00:00","1.0080176368","9606603.8860870413","941826603.3315916061",
"2020-10-26 00:00","1.0024383790","8140833.4346849602","938335473.9757845402",
"2020-10-25 00:00","1.0023717705","7995904.6136785699","937675978.4388231039",
"2020-10-24 00:00","1.0042233314","6099884.3305353336","939408034.5294562578",
"2020-10-23 00:00","1.0046845393","7980063.9060915774","912180437.6544798613",
"2020-10-22 00:00","1.0030900473","9459590.3706819862","910732754.9854242802",
"2020-10-21 00:00","1.0080510588","8836766.9089289475","915236992.3668706417",
"2020-10-20 00:00","1.0032958820","4774088.8821386099","906515546.0114986897",
"2020-10-19 00:00","1.0088717963","3943514.6146103139","912536042.0895826817",
"2020-10-18 00:00","1.0063365147","4269209.3320851512","908268900.3385256529",
"2020-10-17 00:00","1.0075926816","3950105.7891583932","912670881.7392468452",
"2020-10-16 00:00","1.0083462158","4117449.0383002940","916551324.4104821682",
"2020-10-15 00:00","1.0101907698","3611748.5631349469","921857930.4928840399",
"2020-10-14 00:00","1.0085183449","4222860.5829841914","936811206.4923968315",
"2020-10-13 00:00","1.0108081798","4289718.8748725159","918476142.9254267216",
"2020-10-12 00:00","1.0098288984","2744135.1133582564","915209889.3922991753",
"2020-10-11 00:00","1.0101916576","2088278.6474115672","894787216.1124988794",
"2020-10-10 00:00","1.0102380611","2847058.5012701531","894828318.4890881777",
"2020-10-09 00:00","1.0116109340","2238057.8996909601","878370468.0744929314",
"2020-10-08 00:00","1.0118824489","1806729.1937797812","877082715.9603917599",
"2020-10-07 00:00","1.0101324772","2525924.8687293921","878400259.0802530050",
"2020-10-06 00:00","1.0107632182","2006712.6450872244","868343970.6913154125",
"2020-10-05 00:00","1.0106396803","1615325.5546694731","870219977.5060755014",
"2020-10-04 00:00","1.0113751935","1648095.6279704671","876181638.1632498503",
"2020-10-03 00:00","1.0093209430","2387764.6656160005","877196075.3730374575",
"2020-10-02 00:00","1.0095183961","5209811.8955190582","879900732.9701360464",
"2020-10-01 00:00","1.0085293997","3596679.6127257938","903385943.9540601969",
"2020-09-30 00:00","1.0109623466","2210828.7316288110","911489233.0019855499",
"2020-09-29 00:00","1.0104111867","2729190.2071476677","914579312.4492748976",
"2020-09-28 00:00","1.0107091729","2318437.6053599305","930427941.7873712778",
"2020-09-27 00:00","1.0109701880","3598816.7404304873","929105720.2484400272",
"2020-09-26 00:00","1.0111108858","2649264.2248781119","906695558.0491534472",
"2020-09-25 00:00","1.0109976353","3696089.2469333243","901500744.9124430418",
"2020-09-24 00:00","1.0140775285","4117879.7830089871","896867653.4290150404",
"2020-09-23 00:00","1.0118954256","2906683.5329457009","852025132.2552958727",
"2020-09-22 00:00","1.0114332646","3991887.3156578895","837546096.7755842209",
"2020-09-21 00:00","1.0114630133","5232075.7016411638","810958399.1154301167",
"2020-09-20 00:00","1.0108906823","3089254.5149464095","786878586.0955629349",
"2020-09-19 00:00","1.0127285571","5908369.5474278284","691581962.5643221140",
"2020-09-18 00:00","1.0206347942","5129261.5371378353","639683991.9520617723",
"2020-09-17 00:00","1.0161510904","4169060.1775945765","579512168.3177657127",
"2020-09-16 00:00","1.0131997600","5696974.1461356059","610040064.3908724785",
"2020-09-15 00:00","1.0235239678","6194151.6079735234","485201339.0377089977",
"2020-09-14 00:00","1.0372039754","5987241.4391996646","479843477.0607818961",
"2020-09-13 00:00","1.0201986527","3065001.2716683219","468762928.7392236590",
"2020-09-12 00:00","1.0313650308","4235287.8866068069","462593723.0923322439",
"2020-09-11 00:00","1.0301857908","5238407.6224758439","447139961.7769136429",
"2020-09-10 00:00","1.0308860550","4975226.3946557296","441978539.3318549395",
"2020-09-09 00:00","1.0190223812","3298668.5345194624","435942864.9232985377",
"2020-09-08 00:00","1.0267532129","4460143.8155374601","434549342.0973407030",
"2020-09-07 00:00","1.0202740363","5645234.6204436095","432282347.8848322034",
"2020-09-06 00:00","1.0181328091","15500084.1616548933","441800269.5486019254",
"2020-09-05 00:00","1.0182469268","8789376.3945352733","475471040.7034716606",
"2020-09-04 00:00","1.0193220408","13004577.2953125723","498678407.7860268354",
"2020-09-03 00:00","1.0051755021","6641787.3611082435","513402605.3898182511",
"2020-09-02 00:00","1.0080580599","8716555.7100083400","480094867.4313750863",
"2020-09-01 00:00","1.0167201631","7237931.4801840847","452538989.5447849631",
"2020-08-31 00:00","1.0143383697","4765797.7693923442","446679940.4251741171",
"2020-08-30 00:00","1.0133750558","5654861.8271318795","446181451.0538281798",
"2020-08-29 00:00","1.0134339295","4271999.4053841587","448101187.7745063901",
"2020-08-28 00:00","1.0133893322","5675606.9980775351","450628937.4020742774",
"2020-08-27 00:00","1.0170777617","4491276.0059175082","450796793.7537530661",
"2020-08-26 00:00","1.0109828160","7512503.2200500201","450200813.3818957806",
"2020-08-25 00:00","1.0136919714","5636711.8719689595","452479545.9730249643",
"2020-08-24 00:00","1.0140425754","3711805.5593277891","447692754.5217679739",
"2020-08-23 00:00","1.0080533466","4555720.2060994264","444455904.8969111443",
"2020-08-22 00:00","1.0054812997","8236269.7890795907","436423337.9481545091",
"2020-08-21 00:00","1.0069420938","9914499.7635270394","434242744.8240422010",
"2020-08-20 00:00","1.0026856619","5056055.9998206031","426655523.8284373283",
"2020-08-19 00:00","1.0014884036","8432481.5820307229","426482877.6639841199",
"2020-08-18 00:00","1.0038287680","7165661.5164870350","426900131.7009708881",
"2020-08-17 00:00","1.0043887388","5791721.5018291902","422645576.9585086703",
"2020-08-16 00:00","1.0083643441","5804318.4510913435","415777888.5939912200",
"2020-08-15 00:00","1.0079415113","4318915.2746675052","415575457.0251387358",
"2020-08-14 00:00","1.0075681380","9224099.4443619400","426445465.9404298067",
"2020-08-13 00:00","1.0242637391","6425347.2667831872","430694892.9325990081",
"2020-08-12 00:00","1.0187811782","12305765.7777978331","427970759.7964261174",
"2020-08-11 00:00","1.0176331341","8119575.3527292544","422281413.7881769538",
"2020-08-10 00:00","1.0144625165","5518945.7222213382","413363732.6995131373",
"2020-08-09 00:00","1.0154206266","5110394.7696499033","384404587.4743189812",
"2020-08-08 00:00","1.0147818626","5230523.5674948795","379604126.7486948371",
"2020-08-07 00:00","1.0164757813","3878055.9746629759","380104782.7817012668",
"2020-08-06 00:00","1.0123418845","3990474.3912462560","386881122.9235824347",
"2020-08-05 00:00","1.0149451995","3420181.7664195723","384446916.4486196041",
"2020-08-04 00:00","1.0163757565","5901100.6989040468","374737981.3727951050",
"2020-08-03 00:00","1.0114035386","4963480.9443988325","362970218.9354806542",
"2020-08-02 00:00","1.0172488184","10564485.3788795583","372704180.4019393325",
"2020-08-01 00:00","1.0198570041","7041738.8435820453","370872607.5138356686",
"2020-07-31 00:00","1.0200383841","12359601.2315216139","336960539.7697586417",
"2020-07-30 00:00","1.0277233860","7584036.6260379404","354755857.1913940907",
"2020-07-29 00:00","1.0326229405","7248068.6432211176","296957528.2516357303",
"2020-07-28 00:00","1.0226301046","6624627.9145543473","290481178.2271816730",
"2020-07-27 00:00","1.0114190014","4530436.1573820189","266064535.3580065668",
"2020-07-26 00:00","1.0111772777","6391699.1592651522","255174251.6035909951",
"2020-07-25 00:00","1.0056954626","7256028.4979004748","273033024.4276741743",
"2020-07-24 00:00","1.0344761796","6055861.6729409555","248257872.1184656918",
"2020-07-23 00:00","1.0277629059","3387803.6380815348","242727866.5619421005",
"2020-07-22 00:00","1.0210038164","2314708.0110543645","226234489.7351653576",
"2020-07-21 00:00","1.0134240698","2746998.3694414040","220476604.8777970076",
"2020-07-20 00:00","1.0092803477","1903091.8019194067","220726190.1022970080",
"2020-07-19 00:00","1.0130719853","1626913.5527078374","210143825.9534593225",
"2020-07-18 00:00","1.0125740139","1719844.0448675300","207466510.0886630714",
"2020-07-17 00:00","1.0124567296","1712214.7547656887","200648300.5078176260",
"2020-07-16 00:00","1.0141998686","2234353.2418195531","200694633.9869040549",
"2020-07-15 00:00","1.0100839188","1847832.6348178550","197982911.7506900430",
"2020-07-14 00:00","1.0155967213","2595303.6636863016","196058017.8664818406",
"2020-07-13 00:00","1.0125972956","3432885.2072861074","192736073.0095295310",
"2020-07-12 00:00","1.0177935990","2064344.2437001190","200668438.1637839675",
"2020-07-11 00:00","1.0224425837","2057271.5325687646","192881693.7295486629",
"2020-07-10 00:00","1.0187201558","2314964.4496632111","189111635.2687192261",
"2020-07-09 00:00","1.0177456431","4005126.9931958574","188483735.3447622061",
"2020-07-08 00:00","1.0136557127","3134729.5735518457","186382073.6468802392",
"2020-07-07 00:00","1.0118343767","3265522.0223635426","177364390.2460434735",
"2020-07-06 00:00","1.0145499514","2825150.8628941500","176958883.2122041583",
"2020-07-05 00:00","1.0108729515","2870765.2356181727","165590145.0386182070",
"2020-07-04 00:00","1.0172092933","3117148.5519139548","163363277.7883346379",
"2020-07-03 00:00","1.0174692152","5072199.4519514386","129648151.4319090545",
"2020-07-02 00:00","1.0110345290","3346982.4034683467","128828229.6556971669",
"2020-07-01 00:00","1.0120714707","3543107.8382755807","128960359.0379490703",
"2020-06-30 00:00","1.0045882644","2017779.2152696408","128006832.5286427885",
"2020-06-29 00:00","1.0044309517","2814989.0946813077","127986787.3992572129",
"2020-06-28 00:00","1.0029775859","3079317.7703223098","127801596.3502333313",
"2020-06-27 00:00","1.0018249552","2449731.3366822554","127654725.6251846105",
"2020-06-26 00:00","1.0040851786","3361952.8320544693","127942728.2340295017",
"2020-06-25 00:00","1.0043192166","3158930.1304552415","127972549.8663116843",
"2020-06-24 00:00","1.0070091928","3007687.8344013100","128315312.5123935938",
"2020-06-23 00:00","1.0073295011","1027789.0045914549","126404540.3262159079",
"2020-06-22 00:00","1.0075717776","1075649.7164120076","126434942.3381696790",
"2020-06-21 00:00","1.0053619954","565244.3885888926","126157648.2629111409",
"2020-06-20 00:00","1.0097780983","1724113.5254700514","126711802.0551480651",
"2020-06-19 00:00","1.0062339702","1226884.4933105693","126267067.8537144363",
"2020-06-18 00:00","1.0054745109","783413.9532054826","126171767.2510205954",
"2020-06-17 00:00","1.0081757181","956738.9904473471","126510727.6958700716",
"2020-06-16 00:00","1.0049659975","1404455.3014249639","126107956.5540151000",
"2020-06-15 00:00","1.0132627176","10848856.2059484739","127149068.8025027961",
"2020-06-14 00:00","1.0049383249","2807351.4042063192","126104484.0629415959",
"2020-06-13 00:00","0.9999364975","922355.5789751199","125476830.7475960851",
"2020-06-12 00:00","1.0010063977","3489290.5038664769","122050078.7680747211",
"2020-06-11 00:00","1.0010272500","1771123.5910522866","120770222.0367803127",
"2020-06-10 00:00","1.0054906920","1070686.3499113254","121758210.0080151558",
"2020-06-09 00:00","1.0011079241","1323297.6945510381","135048298.9254107177",
"2020-06-08 00:00","1.0003512251","758673.1606240525","132225281.5386839509",
"2020-06-07 00:00","0.9990881243","873304.9766370736","131790621.6846420765",
"2020-06-06 00:00","1.0005124823","642875.6298468730","131815424.0829814821",
"2020-06-05 00:00","1.0024917614","1094733.1024454692","131955392.5875926614",
"2020-06-04 00:00","1.0036277750","1441383.0673058599","122038908.2037050128",
"2020-06-03 00:00","1.0021346880","1724290.1478330633","121611736.6017203927",
"2020-06-02 00:00","1.0046087922","3716117.7557808794","129880820.0742768496",
"2020-06-01 00:00","1.0014730276","1026164.2968897736","122890380.9347347617",
"2020-05-31 00:00","1.0018336173","1528864.4759805435","122611831.2186592370",
"2020-05-30 00:00","1.0011124923","2191984.7027527681","121836098.3403930366",
"2020-05-29 00:00","1.0019244905","1854143.0720869713","120069862.9811641127",
"2020-05-28 00:00","1.0051709129","1136351.7056398634","120392708.9721135646",
"2020-05-27 00:00","1.0038330681","1648381.4909967170","120917214.0044453740",
"2020-05-26 00:00","1.0045144094","1018442.5161931851","121022208.1871544421",
"2020-05-25 00:00","1.0023764304","1672329.6243067670","121054291.0088961124",
"2020-05-24 00:00","1.0010117709","770268.9254049471","123588399.1814263612",
"2020-05-23 00:00","1.0055043602","1113718.6004633657","124521217.0493348092",
"2020-05-22 00:00","1.0011805411","2605251.9860346415","119224063.7625259012",
"2020-05-21 00:00","1.0035197986","2159171.0788533515","119879184.0499952435",
"2020-05-20 00:00","1.0009984905","786252.2238977511","114277753.8780002743",
"2020-05-19 00:00","1.0034631756","1012535.6503665388","113591804.8480813503",
"2020-05-18 00:00","1.0052204870","1318651.7359098776","110825952.9437614977",
"2020-05-17 00:00","1.0090872613","930634.2553499850","110617761.4869801104",
"2020-05-16 00:00","1.0068949246","1272309.9309846896","109845586.0769271404",
"2020-05-15 00:00","1.0082177072","1456356.6503460475","108812948.8006529361",
"2020-05-14 00:00","1.0060344134","1659631.7250978451","108407751.4341730475",
"2020-05-13 00:00","1.0052939619","1113860.8096107817","108621194.2312528789",
"2020-05-12 00:00","1.0062184766","1987645.6208244278","109400936.9537438005",
"2020-05-11 00:00","1.0027587934","2788969.4307171665","109044277.9818200469",
"2020-05-10 00:00","1.0035179513","3432013.1970362393","112378583.0105652213",
"2020-05-09 00:00","1.0071749912","1946244.5405673832","112301288.1533796042",
"2020-05-08 00:00","1.0027145374","2266103.5194896930","111357712.1261968613",
"2020-05-07 00:00","1.0048109876","965143.5380902860","111534177.9366473258",
"2020-05-06 00:00","1.0042686210","1015854.4409406179","112140241.2518529594",
"2020-05-05 00:00","0.9998471894","57022.4956445163","109114548.0176952034",
"2020-05-04 00:00","1.0150313629","193470.0225454635","111525126.2839505225",
"2020-05-03 00:00","1.0066725077","67354.4813865736","99262515.3401508033",
"2020-05-02 00:00","1.0044115718","37952.5214512182","98746979.2178054750",
"2020-05-01 00:00","1.0197424277","78079.9501034541","101602614.4782459736",
"2020-04-30 00:00","1.0164849877","93066.1054468692","102403938.5668540448",
"2020-04-29 00:00","1.0115787609","49837.6271484742","98026749.5442946106",
"2020-04-28 00:00","1.0175285791","25327.1025265183","98111765.5284039676",
"2020-04-27 00:00","1.0100089820","65013.9037388161","96741866.2472212911",
"2020-04-26 00:00","1.0090107523","28723.4622772325","96268772.1410769224",
"2020-04-25 00:00","1.0217031505","49841.6344294562","96975699.5474017411",
"2020-04-24 00:00","1.0091054298","49237.0284469087","92575307.9918036461",
"2020-04-23 00:00","1.0188636078","82728.0200754524","90823397.1497579217",
"2020-04-22 00:00","1.0266495215","36628.8330170855","90596437.5017841458",
"2020-04-21 00:00","1.0293498348","52797.1587808461","89748142.6855009496",
"2020-04-20 00:00","1.0206538962","49464.3946130231","86504195.2726168036",
"2020-04-19 00:00","1.0181311253","38860.6577530070","82439317.6217443049",
"2020-04-18 00:00","1.0216530800","33171.3479980241","82846236.1058460623",
"2020-04-17 00:00","1.0186563119","68743.0041675305","82336140.7687497884",
"2020-04-16 00:00","1.0169159744","53365.1867057883","81233585.3000357598",
"2020-04-15 00:00","1.0158229699","50900.1888341000","81146273.5899965316",
"2020-04-14 00:00","1.0195817918","19237.0831816864","81195164.3739069253",
"2020-04-13 00:00","1.0221560795","36014.6326111347","81448595.5670189857",
"2020-04-12 00:00","1.0160437893","45277.2946376955","80915047.8325685859",
"2020-04-11 00:00","1.0183145693","61065.9632080111","81158234.6463896334",
"2020-04-10 00:00","1.0081769560","117358.4093311947","79548690.9530000389",
"2020-04-09 00:00","1.0283690658","47765.1915184616","81123372.5184244961",
"2020-04-08 00:00","1.0166967671","58029.3163848944","86061915.6768119633",
"2020-04-07 00:00","1.0102534067","59904.6287818598","87315479.7251582146",
"2020-04-06 00:00","1.0095316623","45889.8501728713","87315180.2369956076",
"2020-04-05 00:00","1.0118532719","55557.2303821220","86970629.8753428161",
"2020-04-04 00:00","1.0155141603","29651.9576970497","87145538.0571733415",
"2020-04-03 00:00","1.0141034669","61229.4446590567","83949302.8684429228",
"2020-04-02 00:00","1.0233714684","35216.2950476073","84629592.7338333130",
"2020-04-01 00:00","1.0216414106","23599.5813560288","83766835.7321664989",
"2020-03-31 00:00","1.0233304317","43855.1296720107","82680434.6219652295",
"2020-03-30 00:00","1.0254233391","62360.8752241516","83726713.8810274154",
"2020-03-29 00:00","1.0163472670","54118.3413781213","82101085.1553823054",
"2020-03-28 00:00","1.0167197861","58728.0573097758","82752600.7453031093",
"2020-03-27 00:00","1.0226902970","75314.6078112395","81640254.3975311816",
"2020-03-26 00:00","1.0257471556","49037.4753388016","82680760.9806405753",
"2020-03-25 00:00","1.0206443778","75555.2614577001","82881138.8713225722",
"2020-03-24 00:00","1.0254147464","85715.8132426100","81515261.5171759278",
"2020-03-23 00:00","1.0327769246","47052.4290114196","86004939.2640113533",
"2020-03-22 00:00","1.0379385663","49226.1864124855","86054911.1378111988",
"2020-03-21 00:00","1.0377407567","67459.1603093909","85165646.7905983329",
"2020-03-20 00:00","1.0370634024","188518.9092527663","83775138.7346548140",
"2020-03-19 00:00","1.0095207876","283751.0282151966","90996383.3988276124",
"2020-03-18 00:00","1.0193108353","162420.7261133740","91861771.4653503150",
"2020-03-17 00:00","1.0104288933","150305.7619816487","91590468.6347709447",
"2020-03-16 00:00","1.0473177501","181858.4613982969","100266674.0072676688",
"2020-03-15 00:00","1.0427355448","119239.0285418329","99736041.1644611061",
"2020-03-14 00:00","1.0060235320","142004.3599916204","99031082.7714297324",
"2020-03-13 00:00","0.9947079181","674612.4982094857","108847943.8841693401",
"2020-03-12 00:00","1.0362215062","371712.0719463296","121438090.3606606126",
"2020-03-11 00:00","1.0080612841","53438.2942239480","119629908.7560816258",
"2020-03-10 00:00","1.0016090745","183704.0057568723","119816393.4284195304",
"2020-03-09 00:00","0.9996662646","133041.8950898599","121202196.8370927721",
"2020-03-08 00:00","1.0778103732","147212.3843849786","130854848.6806883663",
"2020-03-07 00:00","1.0018726796","118054.2172514197","119992450.3226447552",
"2020-03-06 00:00","0.9949626394","254341.5118555511","116875727.9244963676",
"2020-03-05 00:00","1.0040959013","239203.6680822380","117877596.7150963694",
"2020-03-04 00:00","1.0013785949","813767.5220451818","117595607.6335561574",
"2020-03-03 00:00","1.0020875459","44045.6073463067","116942405.7887589186",
"2020-03-02 00:00","1.0031056455","112537.7638918039","119301945.3332603574",
"2020-03-01 00:00","0.9987790594","42058.7069989259","119195870.8642656952",
"2020-02-29 00:00","0.9987867570","72591.9680349208","119027546.9735795707",
"2020-02-28 00:00","1.0037778601","63128.7265946179","122671407.2316398919",
"2020-02-27 00:00","1.0028709375","76426.0335527530","122092043.6500735134",
"2020-02-26 00:00","0.9946772162","70410.0759556885","120702475.8207623065",
"2020-02-25 00:00","0.9981444649","199546.3728280718","120961890.6515410990",
"2020-02-24 00:00","0.9976720122","22826.3779189976","120620037.5428087413",
"2020-02-23 00:00","1.0989968495","59519.2297365028","131970103.8362264186",
"2020-02-22 00:00","1.2198045383","39058.2581173444","146600628.6448350549",
"2020-02-21 00:00","1.3365703676","121988.9843600757","160333026.7092385888",
"2020-02-20 00:00","1.2024892650","93963.8768424474","144884280.7994595468",
"2020-02-19 00:00","1.2060574758","137375.8483636028","151446530.5175119340",
"2020-02-18 00:00","1.8207118102","123881.4752079902","228188430.2264593542",
"2020-02-17 00:00","1.2504087562","126873.0235394476","158574198.8483565450",
"2020-02-16 00:00","2.0465925214","137152.7990179677","255239066.8058176041",
"2020-02-15 00:00","3.4367739122","463883.6163444535","420354967.0118579268",
"2020-02-14 00:00","1.6163659827","185030.9872976196","196051825.5902362764",
"2020-02-13 00:00","2.4588167641","300070.8117621563","290899864.8449966908",
"2020-02-12 00:00","1.8832671341","746483.4063162358","215923284.8585115075",
"2020-02-11 00:00","2.7011570172","167433.3641669271","309339580.4352810383",
"2020-02-10 00:00","2.3383109188","148605.8516438713","265758157.6741798222",
"2020-02-09 00:00","2.6428924572","197296.4609012302","296767714.1211814880",
"2020-02-08 00:00","1.8324532066","127489.7811113064","204317568.6677129567",
"2020-02-07 00:00","1.1433898703","36385.1475011257","125603675.4679799080",
"2020-02-06 00:00","1.8393935724","194025.7743701781","202061081.1073943973",
"2020-02-05 00:00","1.1994269815","75446.0750829683","130748947.5371702164",
"2020-02-04 00:00","1.2011804594","73117.1703326032","128032538.7046724409",
"2020-02-03 00:00","1.1305159352","102126.0981890749","120655539.7894000709",
"2020-02-02 00:00","1.3486356763","61968.5230929038","143911925.8130439222",
"2020-02-01 00:00","1.3683105623","44516.3920411631","138129027.4164225459",
"2020-01-31 00:00","1.9896282109","84510.6365150264","200850170.4778544307",
"2020-01-30 00:00","1.3064607533","13559.4359274651","131885376.1569938809",
"2020-01-29 00:00","1.7753407192","79159.9112280758","179218149.4753466547",
"2020-01-28 00:00","1.4150772660","64686.3999538486","142850060.4002744853",
"2020-01-27 00:00","1.1910497785","32414.9258845438","120234800.5197987109",
"2020-01-26 00:00","1.6947070474","25582.6219587956","0E-10",
"2020-01-25 00:00","1.4551090659","18351.5199988189","0E-10",
"2020-01-24 00:00","1.4617515535","38901.0604391977","0E-10",
"2020-01-23 00:00","1.7443121179","52526.4497793847","0E-10",
"2020-01-22 00:00","1.2113827830","35723.0629230689","0E-10",
"2020-01-21 00:00","1.0422865154","36068.5321881170","0E-10",
"2020-01-20 00:00","1.3003094879","48368.9396898019","0E-10",
"2020-01-19 00:00","1.2156291289","41289.0298724995","0E-10",
"2020-01-18 00:00","1.0364369447","35305.5648362064","0E-10",
"2020-01-17 00:00","1.4141331649","52552.8375563045","0E-10",
"2020-01-16 00:00","1.2286380779","58105.6357104787","0E-10",
"2020-01-15 00:00","1.7166197012","125115.9941387927","0E-10",
"2020-01-14 00:00","1.5024872470","50908.2656800074","0E-10",
"2020-01-13 00:00","1.4897959400","18365.9475774828","0E-10",
"2020-01-12 00:00","1.4025648655","21126.2664450552","0E-10",
"2020-01-11 00:00","1.3958079043","35348.8827981021","0E-10",
"2020-01-10 00:00","1.9843791409","41539.6465783373","0E-10",
"2020-01-09 00:00","2.6794499500","39574.7359402447","0E-10",
"2020-01-08 00:00","1.2130813995","93169.5299537448","0E-10",
"2020-01-07 00:00","1.2247844255","22857.1057044955","0E-10",
"2020-01-06 00:00","1.2182009969","33532.9647129383","0E-10",
"2020-01-05 00:00","1.4356084241","10912.7234716535","0E-10",
"2020-01-04 00:00","1.5740945950","12522.6754655490","0E-10",
"2020-01-03 00:00","1.1782966862","22184.7653506510","0E-10",
"2020-01-02 00:00","1.2093428272","74560.7357831865","0E-10",
"2020-01-01 00:00","2.2998958618","10122.1603626100","0E-10",
"2019-12-31 00:00","1.0257917483","11255.2130888855","0E-10",
"2019-12-30 00:00","1.9518527282","35570.9824070311","0E-10",
"2019-12-29 00:00","1.3518322668","5405.1736800360","0E-10",
"2019-12-28 00:00","1.8513986714","39474.2101822408","0E-10",
"2019-12-27 00:00","2.8013658027","17546.4229424734","0E-10",
"2019-12-26 00:00","3.5954751668","16137.2307506520","0E-10",
"2019-12-25 00:00","4.3559554974","36371.7963820952","0E-10",
"2019-12-24 00:00","2.0994426138","499425.0248910525","0E-10",
"2019-12-23 00:00","1.2293115120","42230.9939515197","0E-10",
"2019-12-22 00:00","2.0321601428","4578.4537161863","0E-10",
"2019-12-21 00:00","1.4912401776","38194.7423492529","0E-10",
"2019-12-20 00:00","2.6478882229","37607.8835860701","0E-10",
"2019-12-19 00:00","1.2556778206","127061.8258230210","0E-10",
